,round_epochs,val_loss,val_acc,loss,acc,batch_size,epochs,losses,lr,optimizer,
0,4,0.4510895169323141,0.826017316017316,0.41885189213990853,0.8354375673071474,32,15,categorical_crossentropy,0.01,<class 'keras.optimizers.Adam'>,0
1,6,0.44608185153244895,0.8285281385281386,0.4106282947055743,0.8383601144930001,32,15,categorical_crossentropy,0.01,<class 'keras.optimizers.RMSprop'>,1
2,15,0.4557844349367794,0.8233225108225108,0.43717035121815834,0.8274244742957547,32,15,categorical_crossentropy,0.001,<class 'keras.optimizers.Adam'>,2
3,14,0.4580668937231039,0.8224242424242424,0.4412205205958007,0.8260464490166072,32,15,categorical_crossentropy,0.001,<class 'keras.optimizers.RMSprop'>,3
4,15,0.5479440226802578,0.7857683982683983,0.5593572070334684,0.7726612537550304,32,15,categorical_crossentropy,0.0001,<class 'keras.optimizers.Adam'>,4
5,15,0.5480610038707783,0.7845995670995671,0.5588653291602163,0.7721759337981069,32,15,categorical_crossentropy,0.0001,<class 'keras.optimizers.RMSprop'>,5
6,15,0.7692302909661165,0.7186038961038961,0.7845907961032372,0.7038202119820892,32,15,categorical_crossentropy,1e-05,<class 'keras.optimizers.Adam'>,6
7,15,0.7413539622562788,0.7186147186147186,0.7641908853210668,0.7038485518335884,32,15,categorical_crossentropy,1e-05,<class 'keras.optimizers.RMSprop'>,7
