{"class_name": "Model", "config": {"name": "model_13", "layers": [{"name": "input_13", "class_name": "InputLayer", "config": {"batch_input_shape": [null, null, null, 3], "dtype": "float32", "sparse": false, "name": "input_13"}, "inbound_nodes": []}, {"name": "conv1", "class_name": "Conv2D", "config": {"name": "conv1", "trainable": false, "filters": 64, "kernel_size": [7, 7], "strides": [2, 2], "padding": "same", "data_format": "channels_last", "dilation_rate": [1, 1], "activation": "linear", "use_bias": true, "kernel_initializer": {"class_name": "VarianceScaling", "config": {"scale": 1.0, "mode": "fan_avg", "distribution": "uniform", "seed": null}}, "bias_initializer": {"class_name": "Zeros", "config": {}}, "kernel_regularizer": null, "bias_regularizer": null, "activity_regularizer": null, "kernel_constraint": null, "bias_constraint": null}, "inbound_nodes": [[["input_13", 0, 0, {}]]]}, {"name": "bn_conv1", "class_name": "BatchNormalization", "config": {"name": "bn_conv1", "trainable": false, "axis": 3, "momentum": 0.99, "epsilon": 0.001, "center": true, "scale": true, "beta_initializer": {"class_name": "Zeros", "config": {}}, "gamma_initializer": {"class_name": "Ones", "config": {}}, "moving_mean_initializer": {"class_name": "Zeros", "config": {}}, "moving_variance_initializer": {"class_name": "Ones", "config": {}}, "beta_regularizer": null, "gamma_regularizer": null, "beta_constraint": null, "gamma_constraint": null}, "inbound_nodes": [[["conv1", 0, 0, {}]]]}, {"name": "activation_589", "class_name": "Activation", "config": {"name": "activation_589", "trainable": false, "activation": "relu"}, "inbound_nodes": [[["bn_conv1", 0, 0, {}]]]}, {"name": "max_pooling2d_13", "class_name": "MaxPooling2D", "config": {"name": "max_pooling2d_13", "trainable": false, "pool_size": [3, 3], "padding": "valid", "strides": [2, 2], "data_format": "channels_last"}, "inbound_nodes": [[["activation_589", 0, 0, {}]]]}, {"name": "res2a_branch2a", "class_name": "Conv2D", "config": {"name": "res2a_branch2a", "trainable": false, "filters": 64, "kernel_size": [1, 1], "strides": [1, 1], "padding": "valid", "data_format": "channels_last", "dilation_rate": [1, 1], "activation": "linear", "use_bias": true, "kernel_initializer": {"class_name": "VarianceScaling", "config": {"scale": 1.0, "mode": "fan_avg", "distribution": "uniform", "seed": null}}, "bias_initializer": {"class_name": "Zeros", "config": {}}, "kernel_regularizer": null, "bias_regularizer": null, "activity_regularizer": null, "kernel_constraint": null, "bias_constraint": null}, "inbound_nodes": [[["max_pooling2d_13", 0, 0, {}]]]}, {"name": "bn2a_branch2a", "class_name": "BatchNormalization", "config": {"name": "bn2a_branch2a", "trainable": false, "axis": 3, "momentum": 0.99, "epsilon": 0.001, "center": true, "scale": true, "beta_initializer": {"class_name": "Zeros", "config": {}}, "gamma_initializer": {"class_name": "Ones", "config": {}}, "moving_mean_initializer": {"class_name": "Zeros", "config": {}}, "moving_variance_initializer": {"class_name": "Ones", "config": {}}, "beta_regularizer": null, "gamma_regularizer": null, "beta_constraint": null, "gamma_constraint": null}, "inbound_nodes": [[["res2a_branch2a", 0, 0, {}]]]}, {"name": "activation_590", "class_name": "Activation", "config": {"name": "activation_590", "trainable": false, "activation": "relu"}, "inbound_nodes": [[["bn2a_branch2a", 0, 0, {}]]]}, {"name": "res2a_branch2b", "class_name": "Conv2D", "config": {"name": "res2a_branch2b", "trainable": false, "filters": 64, "kernel_size": [3, 3], "strides": [1, 1], "padding": "same", "data_format": "channels_last", "dilation_rate": [1, 1], "activation": "linear", "use_bias": true, "kernel_initializer": {"class_name": "VarianceScaling", "config": {"scale": 1.0, "mode": "fan_avg", "distribution": "uniform", "seed": null}}, "bias_initializer": {"class_name": "Zeros", "config": {}}, "kernel_regularizer": null, "bias_regularizer": null, "activity_regularizer": null, "kernel_constraint": null, "bias_constraint": null}, "inbound_nodes": [[["activation_590", 0, 0, {}]]]}, {"name": "bn2a_branch2b", "class_name": "BatchNormalization", "config": {"name": "bn2a_branch2b", "trainable": false, "axis": 3, "momentum": 0.99, "epsilon": 0.001, "center": true, "scale": true, "beta_initializer": {"class_name": "Zeros", "config": {}}, "gamma_initializer": {"class_name": "Ones", "config": {}}, "moving_mean_initializer": {"class_name": "Zeros", "config": {}}, "moving_variance_initializer": {"class_name": "Ones", "config": {}}, "beta_regularizer": null, "gamma_regularizer": null, "beta_constraint": null, "gamma_constraint": null}, "inbound_nodes": [[["res2a_branch2b", 0, 0, {}]]]}, {"name": "activation_591", "class_name": "Activation", "config": {"name": "activation_591", "trainable": false, "activation": "relu"}, "inbound_nodes": [[["bn2a_branch2b", 0, 0, {}]]]}, {"name": "res2a_branch2c", "class_name": "Conv2D", "config": {"name": "res2a_branch2c", "trainable": false, "filters": 256, "kernel_size": [1, 1], "strides": [1, 1], "padding": "valid", "data_format": "channels_last", "dilation_rate": [1, 1], "activation": "linear", "use_bias": true, "kernel_initializer": {"class_name": "VarianceScaling", "config": {"scale": 1.0, "mode": "fan_avg", "distribution": "uniform", "seed": null}}, "bias_initializer": {"class_name": "Zeros", "config": {}}, "kernel_regularizer": null, "bias_regularizer": null, "activity_regularizer": null, "kernel_constraint": null, "bias_constraint": null}, "inbound_nodes": [[["activation_591", 0, 0, {}]]]}, {"name": "res2a_branch1", "class_name": "Conv2D", "config": {"name": "res2a_branch1", "trainable": false, "filters": 256, "kernel_size": [1, 1], "strides": [1, 1], "padding": "valid", "data_format": "channels_last", "dilation_rate": [1, 1], "activation": "linear", "use_bias": true, "kernel_initializer": {"class_name": "VarianceScaling", "config": {"scale": 1.0, "mode": "fan_avg", "distribution": "uniform", "seed": null}}, "bias_initializer": {"class_name": "Zeros", "config": {}}, "kernel_regularizer": null, "bias_regularizer": null, "activity_regularizer": null, "kernel_constraint": null, "bias_constraint": null}, "inbound_nodes": [[["max_pooling2d_13", 0, 0, {}]]]}, {"name": "bn2a_branch2c", "class_name": "BatchNormalization", "config": {"name": "bn2a_branch2c", "trainable": false, "axis": 3, "momentum": 0.99, "epsilon": 0.001, "center": true, "scale": true, "beta_initializer": {"class_name": "Zeros", "config": {}}, "gamma_initializer": {"class_name": "Ones", "config": {}}, "moving_mean_initializer": {"class_name": "Zeros", "config": {}}, "moving_variance_initializer": {"class_name": "Ones", "config": {}}, "beta_regularizer": null, "gamma_regularizer": null, "beta_constraint": null, "gamma_constraint": null}, "inbound_nodes": [[["res2a_branch2c", 0, 0, {}]]]}, {"name": "bn2a_branch1", "class_name": "BatchNormalization", "config": {"name": "bn2a_branch1", "trainable": false, "axis": 3, "momentum": 0.99, "epsilon": 0.001, "center": true, "scale": true, "beta_initializer": {"class_name": "Zeros", "config": {}}, "gamma_initializer": {"class_name": "Ones", "config": {}}, "moving_mean_initializer": {"class_name": "Zeros", "config": {}}, "moving_variance_initializer": {"class_name": "Ones", "config": {}}, "beta_regularizer": null, "gamma_regularizer": null, "beta_constraint": null, "gamma_constraint": null}, "inbound_nodes": [[["res2a_branch1", 0, 0, {}]]]}, {"name": "add_193", "class_name": "Add", "config": {"name": "add_193", "trainable": false}, "inbound_nodes": [[["bn2a_branch2c", 0, 0, {}], ["bn2a_branch1", 0, 0, {}]]]}, {"name": "activation_592", "class_name": "Activation", "config": {"name": "activation_592", "trainable": false, "activation": "relu"}, "inbound_nodes": [[["add_193", 0, 0, {}]]]}, {"name": "res2b_branch2a", "class_name": "Conv2D", "config": {"name": "res2b_branch2a", "trainable": false, "filters": 64, "kernel_size": [1, 1], "strides": [1, 1], "padding": "valid", "data_format": "channels_last", "dilation_rate": [1, 1], "activation": "linear", "use_bias": true, "kernel_initializer": {"class_name": "VarianceScaling", "config": {"scale": 1.0, "mode": "fan_avg", "distribution": "uniform", "seed": null}}, "bias_initializer": {"class_name": "Zeros", "config": {}}, "kernel_regularizer": null, "bias_regularizer": null, "activity_regularizer": null, "kernel_constraint": null, "bias_constraint": null}, "inbound_nodes": [[["activation_592", 0, 0, {}]]]}, {"name": "bn2b_branch2a", "class_name": "BatchNormalization", "config": {"name": "bn2b_branch2a", "trainable": false, "axis": 3, "momentum": 0.99, "epsilon": 0.001, "center": true, "scale": true, "beta_initializer": {"class_name": "Zeros", "config": {}}, "gamma_initializer": {"class_name": "Ones", "config": {}}, "moving_mean_initializer": {"class_name": "Zeros", "config": {}}, "moving_variance_initializer": {"class_name": "Ones", "config": {}}, "beta_regularizer": null, "gamma_regularizer": null, "beta_constraint": null, "gamma_constraint": null}, "inbound_nodes": [[["res2b_branch2a", 0, 0, {}]]]}, {"name": "activation_593", "class_name": "Activation", "config": {"name": "activation_593", "trainable": false, "activation": "relu"}, "inbound_nodes": [[["bn2b_branch2a", 0, 0, {}]]]}, {"name": "res2b_branch2b", "class_name": "Conv2D", "config": {"name": "res2b_branch2b", "trainable": false, "filters": 64, "kernel_size": [3, 3], "strides": [1, 1], "padding": "same", "data_format": "channels_last", "dilation_rate": [1, 1], "activation": "linear", "use_bias": true, "kernel_initializer": {"class_name": "VarianceScaling", "config": {"scale": 1.0, "mode": "fan_avg", "distribution": "uniform", "seed": null}}, "bias_initializer": {"class_name": "Zeros", "config": {}}, "kernel_regularizer": null, "bias_regularizer": null, "activity_regularizer": null, "kernel_constraint": null, "bias_constraint": null}, "inbound_nodes": [[["activation_593", 0, 0, {}]]]}, {"name": "bn2b_branch2b", "class_name": "BatchNormalization", "config": {"name": "bn2b_branch2b", "trainable": false, "axis": 3, "momentum": 0.99, "epsilon": 0.001, "center": true, "scale": true, "beta_initializer": {"class_name": "Zeros", "config": {}}, "gamma_initializer": {"class_name": "Ones", "config": {}}, "moving_mean_initializer": {"class_name": "Zeros", "config": {}}, "moving_variance_initializer": {"class_name": "Ones", "config": {}}, "beta_regularizer": null, "gamma_regularizer": null, "beta_constraint": null, "gamma_constraint": null}, "inbound_nodes": [[["res2b_branch2b", 0, 0, {}]]]}, {"name": "activation_594", "class_name": "Activation", "config": {"name": "activation_594", "trainable": false, "activation": "relu"}, "inbound_nodes": [[["bn2b_branch2b", 0, 0, {}]]]}, {"name": "res2b_branch2c", "class_name": "Conv2D", "config": {"name": "res2b_branch2c", "trainable": false, "filters": 256, "kernel_size": [1, 1], "strides": [1, 1], "padding": "valid", "data_format": "channels_last", "dilation_rate": [1, 1], "activation": "linear", "use_bias": true, "kernel_initializer": {"class_name": "VarianceScaling", "config": {"scale": 1.0, "mode": "fan_avg", "distribution": "uniform", "seed": null}}, "bias_initializer": {"class_name": "Zeros", "config": {}}, "kernel_regularizer": null, "bias_regularizer": null, "activity_regularizer": null, "kernel_constraint": null, "bias_constraint": null}, "inbound_nodes": [[["activation_594", 0, 0, {}]]]}, {"name": "bn2b_branch2c", "class_name": "BatchNormalization", "config": {"name": "bn2b_branch2c", "trainable": false, "axis": 3, "momentum": 0.99, "epsilon": 0.001, "center": true, "scale": true, "beta_initializer": {"class_name": "Zeros", "config": {}}, "gamma_initializer": {"class_name": "Ones", "config": {}}, "moving_mean_initializer": {"class_name": "Zeros", "config": {}}, "moving_variance_initializer": {"class_name": "Ones", "config": {}}, "beta_regularizer": null, "gamma_regularizer": null, "beta_constraint": null, "gamma_constraint": null}, "inbound_nodes": [[["res2b_branch2c", 0, 0, {}]]]}, {"name": "add_194", "class_name": "Add", "config": {"name": "add_194", "trainable": false}, "inbound_nodes": [[["bn2b_branch2c", 0, 0, {}], ["activation_592", 0, 0, {}]]]}, {"name": "activation_595", "class_name": "Activation", "config": {"name": "activation_595", "trainable": false, "activation": "relu"}, "inbound_nodes": [[["add_194", 0, 0, {}]]]}, {"name": "res2c_branch2a", "class_name": "Conv2D", "config": {"name": "res2c_branch2a", "trainable": false, "filters": 64, "kernel_size": [1, 1], "strides": [1, 1], "padding": "valid", "data_format": "channels_last", "dilation_rate": [1, 1], "activation": "linear", "use_bias": true, "kernel_initializer": {"class_name": "VarianceScaling", "config": {"scale": 1.0, "mode": "fan_avg", "distribution": "uniform", "seed": null}}, "bias_initializer": {"class_name": "Zeros", "config": {}}, "kernel_regularizer": null, "bias_regularizer": null, "activity_regularizer": null, "kernel_constraint": null, "bias_constraint": null}, "inbound_nodes": [[["activation_595", 0, 0, {}]]]}, {"name": "bn2c_branch2a", "class_name": "BatchNormalization", "config": {"name": "bn2c_branch2a", "trainable": false, "axis": 3, "momentum": 0.99, "epsilon": 0.001, "center": true, "scale": true, "beta_initializer": {"class_name": "Zeros", "config": {}}, "gamma_initializer": {"class_name": "Ones", "config": {}}, "moving_mean_initializer": {"class_name": "Zeros", "config": {}}, "moving_variance_initializer": {"class_name": "Ones", "config": {}}, "beta_regularizer": null, "gamma_regularizer": null, "beta_constraint": null, "gamma_constraint": null}, "inbound_nodes": [[["res2c_branch2a", 0, 0, {}]]]}, {"name": "activation_596", "class_name": "Activation", "config": {"name": "activation_596", "trainable": false, "activation": "relu"}, "inbound_nodes": [[["bn2c_branch2a", 0, 0, {}]]]}, {"name": "res2c_branch2b", "class_name": "Conv2D", "config": {"name": "res2c_branch2b", "trainable": false, "filters": 64, "kernel_size": [3, 3], "strides": [1, 1], "padding": "same", "data_format": "channels_last", "dilation_rate": [1, 1], "activation": "linear", "use_bias": true, "kernel_initializer": {"class_name": "VarianceScaling", "config": {"scale": 1.0, "mode": "fan_avg", "distribution": "uniform", "seed": null}}, "bias_initializer": {"class_name": "Zeros", "config": {}}, "kernel_regularizer": null, "bias_regularizer": null, "activity_regularizer": null, "kernel_constraint": null, "bias_constraint": null}, "inbound_nodes": [[["activation_596", 0, 0, {}]]]}, {"name": "bn2c_branch2b", "class_name": "BatchNormalization", "config": {"name": "bn2c_branch2b", "trainable": false, "axis": 3, "momentum": 0.99, "epsilon": 0.001, "center": true, "scale": true, "beta_initializer": {"class_name": "Zeros", "config": {}}, "gamma_initializer": {"class_name": "Ones", "config": {}}, "moving_mean_initializer": {"class_name": "Zeros", "config": {}}, "moving_variance_initializer": {"class_name": "Ones", "config": {}}, "beta_regularizer": null, "gamma_regularizer": null, "beta_constraint": null, "gamma_constraint": null}, "inbound_nodes": [[["res2c_branch2b", 0, 0, {}]]]}, {"name": "activation_597", "class_name": "Activation", "config": {"name": "activation_597", "trainable": false, "activation": "relu"}, "inbound_nodes": [[["bn2c_branch2b", 0, 0, {}]]]}, {"name": "res2c_branch2c", "class_name": "Conv2D", "config": {"name": "res2c_branch2c", "trainable": false, "filters": 256, "kernel_size": [1, 1], "strides": [1, 1], "padding": "valid", "data_format": "channels_last", "dilation_rate": [1, 1], "activation": "linear", "use_bias": true, "kernel_initializer": {"class_name": "VarianceScaling", "config": {"scale": 1.0, "mode": "fan_avg", "distribution": "uniform", "seed": null}}, "bias_initializer": {"class_name": "Zeros", "config": {}}, "kernel_regularizer": null, "bias_regularizer": null, "activity_regularizer": null, "kernel_constraint": null, "bias_constraint": null}, "inbound_nodes": [[["activation_597", 0, 0, {}]]]}, {"name": "bn2c_branch2c", "class_name": "BatchNormalization", "config": {"name": "bn2c_branch2c", "trainable": false, "axis": 3, "momentum": 0.99, "epsilon": 0.001, "center": true, "scale": true, "beta_initializer": {"class_name": "Zeros", "config": {}}, "gamma_initializer": {"class_name": "Ones", "config": {}}, "moving_mean_initializer": {"class_name": "Zeros", "config": {}}, "moving_variance_initializer": {"class_name": "Ones", "config": {}}, "beta_regularizer": null, "gamma_regularizer": null, "beta_constraint": null, "gamma_constraint": null}, "inbound_nodes": [[["res2c_branch2c", 0, 0, {}]]]}, {"name": "add_195", "class_name": "Add", "config": {"name": "add_195", "trainable": false}, "inbound_nodes": [[["bn2c_branch2c", 0, 0, {}], ["activation_595", 0, 0, {}]]]}, {"name": "activation_598", "class_name": "Activation", "config": {"name": "activation_598", "trainable": false, "activation": "relu"}, "inbound_nodes": [[["add_195", 0, 0, {}]]]}, {"name": "res3a_branch2a", "class_name": "Conv2D", "config": {"name": "res3a_branch2a", "trainable": false, "filters": 128, "kernel_size": [1, 1], "strides": [2, 2], "padding": "valid", "data_format": "channels_last", "dilation_rate": [1, 1], "activation": "linear", "use_bias": true, "kernel_initializer": {"class_name": "VarianceScaling", "config": {"scale": 1.0, "mode": "fan_avg", "distribution": "uniform", "seed": null}}, "bias_initializer": {"class_name": "Zeros", "config": {}}, "kernel_regularizer": null, "bias_regularizer": null, "activity_regularizer": null, "kernel_constraint": null, "bias_constraint": null}, "inbound_nodes": [[["activation_598", 0, 0, {}]]]}, {"name": "bn3a_branch2a", "class_name": "BatchNormalization", "config": {"name": "bn3a_branch2a", "trainable": false, "axis": 3, "momentum": 0.99, "epsilon": 0.001, "center": true, "scale": true, "beta_initializer": {"class_name": "Zeros", "config": {}}, "gamma_initializer": {"class_name": "Ones", "config": {}}, "moving_mean_initializer": {"class_name": "Zeros", "config": {}}, "moving_variance_initializer": {"class_name": "Ones", "config": {}}, "beta_regularizer": null, "gamma_regularizer": null, "beta_constraint": null, "gamma_constraint": null}, "inbound_nodes": [[["res3a_branch2a", 0, 0, {}]]]}, {"name": "activation_599", "class_name": "Activation", "config": {"name": "activation_599", "trainable": false, "activation": "relu"}, "inbound_nodes": [[["bn3a_branch2a", 0, 0, {}]]]}, {"name": "res3a_branch2b", "class_name": "Conv2D", "config": {"name": "res3a_branch2b", "trainable": false, "filters": 128, "kernel_size": [3, 3], "strides": [1, 1], "padding": "same", "data_format": "channels_last", "dilation_rate": [1, 1], "activation": "linear", "use_bias": true, "kernel_initializer": {"class_name": "VarianceScaling", "config": {"scale": 1.0, "mode": "fan_avg", "distribution": "uniform", "seed": null}}, "bias_initializer": {"class_name": "Zeros", "config": {}}, "kernel_regularizer": null, "bias_regularizer": null, "activity_regularizer": null, "kernel_constraint": null, "bias_constraint": null}, "inbound_nodes": [[["activation_599", 0, 0, {}]]]}, {"name": "bn3a_branch2b", "class_name": "BatchNormalization", "config": {"name": "bn3a_branch2b", "trainable": false, "axis": 3, "momentum": 0.99, "epsilon": 0.001, "center": true, "scale": true, "beta_initializer": {"class_name": "Zeros", "config": {}}, "gamma_initializer": {"class_name": "Ones", "config": {}}, "moving_mean_initializer": {"class_name": "Zeros", "config": {}}, "moving_variance_initializer": {"class_name": "Ones", "config": {}}, "beta_regularizer": null, "gamma_regularizer": null, "beta_constraint": null, "gamma_constraint": null}, "inbound_nodes": [[["res3a_branch2b", 0, 0, {}]]]}, {"name": "activation_600", "class_name": "Activation", "config": {"name": "activation_600", "trainable": false, "activation": "relu"}, "inbound_nodes": [[["bn3a_branch2b", 0, 0, {}]]]}, {"name": "res3a_branch2c", "class_name": "Conv2D", "config": {"name": "res3a_branch2c", "trainable": false, "filters": 512, "kernel_size": [1, 1], "strides": [1, 1], "padding": "valid", "data_format": "channels_last", "dilation_rate": [1, 1], "activation": "linear", "use_bias": true, "kernel_initializer": {"class_name": "VarianceScaling", "config": {"scale": 1.0, "mode": "fan_avg", "distribution": "uniform", "seed": null}}, "bias_initializer": {"class_name": "Zeros", "config": {}}, "kernel_regularizer": null, "bias_regularizer": null, "activity_regularizer": null, "kernel_constraint": null, "bias_constraint": null}, "inbound_nodes": [[["activation_600", 0, 0, {}]]]}, {"name": "res3a_branch1", "class_name": "Conv2D", "config": {"name": "res3a_branch1", "trainable": false, "filters": 512, "kernel_size": [1, 1], "strides": [2, 2], "padding": "valid", "data_format": "channels_last", "dilation_rate": [1, 1], "activation": "linear", "use_bias": true, "kernel_initializer": {"class_name": "VarianceScaling", "config": {"scale": 1.0, "mode": "fan_avg", "distribution": "uniform", "seed": null}}, "bias_initializer": {"class_name": "Zeros", "config": {}}, "kernel_regularizer": null, "bias_regularizer": null, "activity_regularizer": null, "kernel_constraint": null, "bias_constraint": null}, "inbound_nodes": [[["activation_598", 0, 0, {}]]]}, {"name": "bn3a_branch2c", "class_name": "BatchNormalization", "config": {"name": "bn3a_branch2c", "trainable": false, "axis": 3, "momentum": 0.99, "epsilon": 0.001, "center": true, "scale": true, "beta_initializer": {"class_name": "Zeros", "config": {}}, "gamma_initializer": {"class_name": "Ones", "config": {}}, "moving_mean_initializer": {"class_name": "Zeros", "config": {}}, "moving_variance_initializer": {"class_name": "Ones", "config": {}}, "beta_regularizer": null, "gamma_regularizer": null, "beta_constraint": null, "gamma_constraint": null}, "inbound_nodes": [[["res3a_branch2c", 0, 0, {}]]]}, {"name": "bn3a_branch1", "class_name": "BatchNormalization", "config": {"name": "bn3a_branch1", "trainable": false, "axis": 3, "momentum": 0.99, "epsilon": 0.001, "center": true, "scale": true, "beta_initializer": {"class_name": "Zeros", "config": {}}, "gamma_initializer": {"class_name": "Ones", "config": {}}, "moving_mean_initializer": {"class_name": "Zeros", "config": {}}, "moving_variance_initializer": {"class_name": "Ones", "config": {}}, "beta_regularizer": null, "gamma_regularizer": null, "beta_constraint": null, "gamma_constraint": null}, "inbound_nodes": [[["res3a_branch1", 0, 0, {}]]]}, {"name": "add_196", "class_name": "Add", "config": {"name": "add_196", "trainable": false}, "inbound_nodes": [[["bn3a_branch2c", 0, 0, {}], ["bn3a_branch1", 0, 0, {}]]]}, {"name": "activation_601", "class_name": "Activation", "config": {"name": "activation_601", "trainable": false, "activation": "relu"}, "inbound_nodes": [[["add_196", 0, 0, {}]]]}, {"name": "res3b_branch2a", "class_name": "Conv2D", "config": {"name": "res3b_branch2a", "trainable": false, "filters": 128, "kernel_size": [1, 1], "strides": [1, 1], "padding": "valid", "data_format": "channels_last", "dilation_rate": [1, 1], "activation": "linear", "use_bias": true, "kernel_initializer": {"class_name": "VarianceScaling", "config": {"scale": 1.0, "mode": "fan_avg", "distribution": "uniform", "seed": null}}, "bias_initializer": {"class_name": "Zeros", "config": {}}, "kernel_regularizer": null, "bias_regularizer": null, "activity_regularizer": null, "kernel_constraint": null, "bias_constraint": null}, "inbound_nodes": [[["activation_601", 0, 0, {}]]]}, {"name": "bn3b_branch2a", "class_name": "BatchNormalization", "config": {"name": "bn3b_branch2a", "trainable": false, "axis": 3, "momentum": 0.99, "epsilon": 0.001, "center": true, "scale": true, "beta_initializer": {"class_name": "Zeros", "config": {}}, "gamma_initializer": {"class_name": "Ones", "config": {}}, "moving_mean_initializer": {"class_name": "Zeros", "config": {}}, "moving_variance_initializer": {"class_name": "Ones", "config": {}}, "beta_regularizer": null, "gamma_regularizer": null, "beta_constraint": null, "gamma_constraint": null}, "inbound_nodes": [[["res3b_branch2a", 0, 0, {}]]]}, {"name": "activation_602", "class_name": "Activation", "config": {"name": "activation_602", "trainable": false, "activation": "relu"}, "inbound_nodes": [[["bn3b_branch2a", 0, 0, {}]]]}, {"name": "res3b_branch2b", "class_name": "Conv2D", "config": {"name": "res3b_branch2b", "trainable": false, "filters": 128, "kernel_size": [3, 3], "strides": [1, 1], "padding": "same", "data_format": "channels_last", "dilation_rate": [1, 1], "activation": "linear", "use_bias": true, "kernel_initializer": {"class_name": "VarianceScaling", "config": {"scale": 1.0, "mode": "fan_avg", "distribution": "uniform", "seed": null}}, "bias_initializer": {"class_name": "Zeros", "config": {}}, "kernel_regularizer": null, "bias_regularizer": null, "activity_regularizer": null, "kernel_constraint": null, "bias_constraint": null}, "inbound_nodes": [[["activation_602", 0, 0, {}]]]}, {"name": "bn3b_branch2b", "class_name": "BatchNormalization", "config": {"name": "bn3b_branch2b", "trainable": false, "axis": 3, "momentum": 0.99, "epsilon": 0.001, "center": true, "scale": true, "beta_initializer": {"class_name": "Zeros", "config": {}}, "gamma_initializer": {"class_name": "Ones", "config": {}}, "moving_mean_initializer": {"class_name": "Zeros", "config": {}}, "moving_variance_initializer": {"class_name": "Ones", "config": {}}, "beta_regularizer": null, "gamma_regularizer": null, "beta_constraint": null, "gamma_constraint": null}, "inbound_nodes": [[["res3b_branch2b", 0, 0, {}]]]}, {"name": "activation_603", "class_name": "Activation", "config": {"name": "activation_603", "trainable": false, "activation": "relu"}, "inbound_nodes": [[["bn3b_branch2b", 0, 0, {}]]]}, {"name": "res3b_branch2c", "class_name": "Conv2D", "config": {"name": "res3b_branch2c", "trainable": false, "filters": 512, "kernel_size": [1, 1], "strides": [1, 1], "padding": "valid", "data_format": "channels_last", "dilation_rate": [1, 1], "activation": "linear", "use_bias": true, "kernel_initializer": {"class_name": "VarianceScaling", "config": {"scale": 1.0, "mode": "fan_avg", "distribution": "uniform", "seed": null}}, "bias_initializer": {"class_name": "Zeros", "config": {}}, "kernel_regularizer": null, "bias_regularizer": null, "activity_regularizer": null, "kernel_constraint": null, "bias_constraint": null}, "inbound_nodes": [[["activation_603", 0, 0, {}]]]}, {"name": "bn3b_branch2c", "class_name": "BatchNormalization", "config": {"name": "bn3b_branch2c", "trainable": false, "axis": 3, "momentum": 0.99, "epsilon": 0.001, "center": true, "scale": true, "beta_initializer": {"class_name": "Zeros", "config": {}}, "gamma_initializer": {"class_name": "Ones", "config": {}}, "moving_mean_initializer": {"class_name": "Zeros", "config": {}}, "moving_variance_initializer": {"class_name": "Ones", "config": {}}, "beta_regularizer": null, "gamma_regularizer": null, "beta_constraint": null, "gamma_constraint": null}, "inbound_nodes": [[["res3b_branch2c", 0, 0, {}]]]}, {"name": "add_197", "class_name": "Add", "config": {"name": "add_197", "trainable": false}, "inbound_nodes": [[["bn3b_branch2c", 0, 0, {}], ["activation_601", 0, 0, {}]]]}, {"name": "activation_604", "class_name": "Activation", "config": {"name": "activation_604", "trainable": false, "activation": "relu"}, "inbound_nodes": [[["add_197", 0, 0, {}]]]}, {"name": "res3c_branch2a", "class_name": "Conv2D", "config": {"name": "res3c_branch2a", "trainable": false, "filters": 128, "kernel_size": [1, 1], "strides": [1, 1], "padding": "valid", "data_format": "channels_last", "dilation_rate": [1, 1], "activation": "linear", "use_bias": true, "kernel_initializer": {"class_name": "VarianceScaling", "config": {"scale": 1.0, "mode": "fan_avg", "distribution": "uniform", "seed": null}}, "bias_initializer": {"class_name": "Zeros", "config": {}}, "kernel_regularizer": null, "bias_regularizer": null, "activity_regularizer": null, "kernel_constraint": null, "bias_constraint": null}, "inbound_nodes": [[["activation_604", 0, 0, {}]]]}, {"name": "bn3c_branch2a", "class_name": "BatchNormalization", "config": {"name": "bn3c_branch2a", "trainable": false, "axis": 3, "momentum": 0.99, "epsilon": 0.001, "center": true, "scale": true, "beta_initializer": {"class_name": "Zeros", "config": {}}, "gamma_initializer": {"class_name": "Ones", "config": {}}, "moving_mean_initializer": {"class_name": "Zeros", "config": {}}, "moving_variance_initializer": {"class_name": "Ones", "config": {}}, "beta_regularizer": null, "gamma_regularizer": null, "beta_constraint": null, "gamma_constraint": null}, "inbound_nodes": [[["res3c_branch2a", 0, 0, {}]]]}, {"name": "activation_605", "class_name": "Activation", "config": {"name": "activation_605", "trainable": false, "activation": "relu"}, "inbound_nodes": [[["bn3c_branch2a", 0, 0, {}]]]}, {"name": "res3c_branch2b", "class_name": "Conv2D", "config": {"name": "res3c_branch2b", "trainable": false, "filters": 128, "kernel_size": [3, 3], "strides": [1, 1], "padding": "same", "data_format": "channels_last", "dilation_rate": [1, 1], "activation": "linear", "use_bias": true, "kernel_initializer": {"class_name": "VarianceScaling", "config": {"scale": 1.0, "mode": "fan_avg", "distribution": "uniform", "seed": null}}, "bias_initializer": {"class_name": "Zeros", "config": {}}, "kernel_regularizer": null, "bias_regularizer": null, "activity_regularizer": null, "kernel_constraint": null, "bias_constraint": null}, "inbound_nodes": [[["activation_605", 0, 0, {}]]]}, {"name": "bn3c_branch2b", "class_name": "BatchNormalization", "config": {"name": "bn3c_branch2b", "trainable": false, "axis": 3, "momentum": 0.99, "epsilon": 0.001, "center": true, "scale": true, "beta_initializer": {"class_name": "Zeros", "config": {}}, "gamma_initializer": {"class_name": "Ones", "config": {}}, "moving_mean_initializer": {"class_name": "Zeros", "config": {}}, "moving_variance_initializer": {"class_name": "Ones", "config": {}}, "beta_regularizer": null, "gamma_regularizer": null, "beta_constraint": null, "gamma_constraint": null}, "inbound_nodes": [[["res3c_branch2b", 0, 0, {}]]]}, {"name": "activation_606", "class_name": "Activation", "config": {"name": "activation_606", "trainable": false, "activation": "relu"}, "inbound_nodes": [[["bn3c_branch2b", 0, 0, {}]]]}, {"name": "res3c_branch2c", "class_name": "Conv2D", "config": {"name": "res3c_branch2c", "trainable": false, "filters": 512, "kernel_size": [1, 1], "strides": [1, 1], "padding": "valid", "data_format": "channels_last", "dilation_rate": [1, 1], "activation": "linear", "use_bias": true, "kernel_initializer": {"class_name": "VarianceScaling", "config": {"scale": 1.0, "mode": "fan_avg", "distribution": "uniform", "seed": null}}, "bias_initializer": {"class_name": "Zeros", "config": {}}, "kernel_regularizer": null, "bias_regularizer": null, "activity_regularizer": null, "kernel_constraint": null, "bias_constraint": null}, "inbound_nodes": [[["activation_606", 0, 0, {}]]]}, {"name": "bn3c_branch2c", "class_name": "BatchNormalization", "config": {"name": "bn3c_branch2c", "trainable": false, "axis": 3, "momentum": 0.99, "epsilon": 0.001, "center": true, "scale": true, "beta_initializer": {"class_name": "Zeros", "config": {}}, "gamma_initializer": {"class_name": "Ones", "config": {}}, "moving_mean_initializer": {"class_name": "Zeros", "config": {}}, "moving_variance_initializer": {"class_name": "Ones", "config": {}}, "beta_regularizer": null, "gamma_regularizer": null, "beta_constraint": null, "gamma_constraint": null}, "inbound_nodes": [[["res3c_branch2c", 0, 0, {}]]]}, {"name": "add_198", "class_name": "Add", "config": {"name": "add_198", "trainable": false}, "inbound_nodes": [[["bn3c_branch2c", 0, 0, {}], ["activation_604", 0, 0, {}]]]}, {"name": "activation_607", "class_name": "Activation", "config": {"name": "activation_607", "trainable": false, "activation": "relu"}, "inbound_nodes": [[["add_198", 0, 0, {}]]]}, {"name": "res3d_branch2a", "class_name": "Conv2D", "config": {"name": "res3d_branch2a", "trainable": false, "filters": 128, "kernel_size": [1, 1], "strides": [1, 1], "padding": "valid", "data_format": "channels_last", "dilation_rate": [1, 1], "activation": "linear", "use_bias": true, "kernel_initializer": {"class_name": "VarianceScaling", "config": {"scale": 1.0, "mode": "fan_avg", "distribution": "uniform", "seed": null}}, "bias_initializer": {"class_name": "Zeros", "config": {}}, "kernel_regularizer": null, "bias_regularizer": null, "activity_regularizer": null, "kernel_constraint": null, "bias_constraint": null}, "inbound_nodes": [[["activation_607", 0, 0, {}]]]}, {"name": "bn3d_branch2a", "class_name": "BatchNormalization", "config": {"name": "bn3d_branch2a", "trainable": false, "axis": 3, "momentum": 0.99, "epsilon": 0.001, "center": true, "scale": true, "beta_initializer": {"class_name": "Zeros", "config": {}}, "gamma_initializer": {"class_name": "Ones", "config": {}}, "moving_mean_initializer": {"class_name": "Zeros", "config": {}}, "moving_variance_initializer": {"class_name": "Ones", "config": {}}, "beta_regularizer": null, "gamma_regularizer": null, "beta_constraint": null, "gamma_constraint": null}, "inbound_nodes": [[["res3d_branch2a", 0, 0, {}]]]}, {"name": "activation_608", "class_name": "Activation", "config": {"name": "activation_608", "trainable": false, "activation": "relu"}, "inbound_nodes": [[["bn3d_branch2a", 0, 0, {}]]]}, {"name": "res3d_branch2b", "class_name": "Conv2D", "config": {"name": "res3d_branch2b", "trainable": false, "filters": 128, "kernel_size": [3, 3], "strides": [1, 1], "padding": "same", "data_format": "channels_last", "dilation_rate": [1, 1], "activation": "linear", "use_bias": true, "kernel_initializer": {"class_name": "VarianceScaling", "config": {"scale": 1.0, "mode": "fan_avg", "distribution": "uniform", "seed": null}}, "bias_initializer": {"class_name": "Zeros", "config": {}}, "kernel_regularizer": null, "bias_regularizer": null, "activity_regularizer": null, "kernel_constraint": null, "bias_constraint": null}, "inbound_nodes": [[["activation_608", 0, 0, {}]]]}, {"name": "bn3d_branch2b", "class_name": "BatchNormalization", "config": {"name": "bn3d_branch2b", "trainable": false, "axis": 3, "momentum": 0.99, "epsilon": 0.001, "center": true, "scale": true, "beta_initializer": {"class_name": "Zeros", "config": {}}, "gamma_initializer": {"class_name": "Ones", "config": {}}, "moving_mean_initializer": {"class_name": "Zeros", "config": {}}, "moving_variance_initializer": {"class_name": "Ones", "config": {}}, "beta_regularizer": null, "gamma_regularizer": null, "beta_constraint": null, "gamma_constraint": null}, "inbound_nodes": [[["res3d_branch2b", 0, 0, {}]]]}, {"name": "activation_609", "class_name": "Activation", "config": {"name": "activation_609", "trainable": false, "activation": "relu"}, "inbound_nodes": [[["bn3d_branch2b", 0, 0, {}]]]}, {"name": "res3d_branch2c", "class_name": "Conv2D", "config": {"name": "res3d_branch2c", "trainable": false, "filters": 512, "kernel_size": [1, 1], "strides": [1, 1], "padding": "valid", "data_format": "channels_last", "dilation_rate": [1, 1], "activation": "linear", "use_bias": true, "kernel_initializer": {"class_name": "VarianceScaling", "config": {"scale": 1.0, "mode": "fan_avg", "distribution": "uniform", "seed": null}}, "bias_initializer": {"class_name": "Zeros", "config": {}}, "kernel_regularizer": null, "bias_regularizer": null, "activity_regularizer": null, "kernel_constraint": null, "bias_constraint": null}, "inbound_nodes": [[["activation_609", 0, 0, {}]]]}, {"name": "bn3d_branch2c", "class_name": "BatchNormalization", "config": {"name": "bn3d_branch2c", "trainable": false, "axis": 3, "momentum": 0.99, "epsilon": 0.001, "center": true, "scale": true, "beta_initializer": {"class_name": "Zeros", "config": {}}, "gamma_initializer": {"class_name": "Ones", "config": {}}, "moving_mean_initializer": {"class_name": "Zeros", "config": {}}, "moving_variance_initializer": {"class_name": "Ones", "config": {}}, "beta_regularizer": null, "gamma_regularizer": null, "beta_constraint": null, "gamma_constraint": null}, "inbound_nodes": [[["res3d_branch2c", 0, 0, {}]]]}, {"name": "add_199", "class_name": "Add", "config": {"name": "add_199", "trainable": false}, "inbound_nodes": [[["bn3d_branch2c", 0, 0, {}], ["activation_607", 0, 0, {}]]]}, {"name": "activation_610", "class_name": "Activation", "config": {"name": "activation_610", "trainable": false, "activation": "relu"}, "inbound_nodes": [[["add_199", 0, 0, {}]]]}, {"name": "res4a_branch2a", "class_name": "Conv2D", "config": {"name": "res4a_branch2a", "trainable": false, "filters": 256, "kernel_size": [1, 1], "strides": [2, 2], "padding": "valid", "data_format": "channels_last", "dilation_rate": [1, 1], "activation": "linear", "use_bias": true, "kernel_initializer": {"class_name": "VarianceScaling", "config": {"scale": 1.0, "mode": "fan_avg", "distribution": "uniform", "seed": null}}, "bias_initializer": {"class_name": "Zeros", "config": {}}, "kernel_regularizer": null, "bias_regularizer": null, "activity_regularizer": null, "kernel_constraint": null, "bias_constraint": null}, "inbound_nodes": [[["activation_610", 0, 0, {}]]]}, {"name": "bn4a_branch2a", "class_name": "BatchNormalization", "config": {"name": "bn4a_branch2a", "trainable": false, "axis": 3, "momentum": 0.99, "epsilon": 0.001, "center": true, "scale": true, "beta_initializer": {"class_name": "Zeros", "config": {}}, "gamma_initializer": {"class_name": "Ones", "config": {}}, "moving_mean_initializer": {"class_name": "Zeros", "config": {}}, "moving_variance_initializer": {"class_name": "Ones", "config": {}}, "beta_regularizer": null, "gamma_regularizer": null, "beta_constraint": null, "gamma_constraint": null}, "inbound_nodes": [[["res4a_branch2a", 0, 0, {}]]]}, {"name": "activation_611", "class_name": "Activation", "config": {"name": "activation_611", "trainable": false, "activation": "relu"}, "inbound_nodes": [[["bn4a_branch2a", 0, 0, {}]]]}, {"name": "res4a_branch2b", "class_name": "Conv2D", "config": {"name": "res4a_branch2b", "trainable": false, "filters": 256, "kernel_size": [3, 3], "strides": [1, 1], "padding": "same", "data_format": "channels_last", "dilation_rate": [1, 1], "activation": "linear", "use_bias": true, "kernel_initializer": {"class_name": "VarianceScaling", "config": {"scale": 1.0, "mode": "fan_avg", "distribution": "uniform", "seed": null}}, "bias_initializer": {"class_name": "Zeros", "config": {}}, "kernel_regularizer": null, "bias_regularizer": null, "activity_regularizer": null, "kernel_constraint": null, "bias_constraint": null}, "inbound_nodes": [[["activation_611", 0, 0, {}]]]}, {"name": "bn4a_branch2b", "class_name": "BatchNormalization", "config": {"name": "bn4a_branch2b", "trainable": false, "axis": 3, "momentum": 0.99, "epsilon": 0.001, "center": true, "scale": true, "beta_initializer": {"class_name": "Zeros", "config": {}}, "gamma_initializer": {"class_name": "Ones", "config": {}}, "moving_mean_initializer": {"class_name": "Zeros", "config": {}}, "moving_variance_initializer": {"class_name": "Ones", "config": {}}, "beta_regularizer": null, "gamma_regularizer": null, "beta_constraint": null, "gamma_constraint": null}, "inbound_nodes": [[["res4a_branch2b", 0, 0, {}]]]}, {"name": "activation_612", "class_name": "Activation", "config": {"name": "activation_612", "trainable": false, "activation": "relu"}, "inbound_nodes": [[["bn4a_branch2b", 0, 0, {}]]]}, {"name": "res4a_branch2c", "class_name": "Conv2D", "config": {"name": "res4a_branch2c", "trainable": false, "filters": 1024, "kernel_size": [1, 1], "strides": [1, 1], "padding": "valid", "data_format": "channels_last", "dilation_rate": [1, 1], "activation": "linear", "use_bias": true, "kernel_initializer": {"class_name": "VarianceScaling", "config": {"scale": 1.0, "mode": "fan_avg", "distribution": "uniform", "seed": null}}, "bias_initializer": {"class_name": "Zeros", "config": {}}, "kernel_regularizer": null, "bias_regularizer": null, "activity_regularizer": null, "kernel_constraint": null, "bias_constraint": null}, "inbound_nodes": [[["activation_612", 0, 0, {}]]]}, {"name": "res4a_branch1", "class_name": "Conv2D", "config": {"name": "res4a_branch1", "trainable": false, "filters": 1024, "kernel_size": [1, 1], "strides": [2, 2], "padding": "valid", "data_format": "channels_last", "dilation_rate": [1, 1], "activation": "linear", "use_bias": true, "kernel_initializer": {"class_name": "VarianceScaling", "config": {"scale": 1.0, "mode": "fan_avg", "distribution": "uniform", "seed": null}}, "bias_initializer": {"class_name": "Zeros", "config": {}}, "kernel_regularizer": null, "bias_regularizer": null, "activity_regularizer": null, "kernel_constraint": null, "bias_constraint": null}, "inbound_nodes": [[["activation_610", 0, 0, {}]]]}, {"name": "bn4a_branch2c", "class_name": "BatchNormalization", "config": {"name": "bn4a_branch2c", "trainable": false, "axis": 3, "momentum": 0.99, "epsilon": 0.001, "center": true, "scale": true, "beta_initializer": {"class_name": "Zeros", "config": {}}, "gamma_initializer": {"class_name": "Ones", "config": {}}, "moving_mean_initializer": {"class_name": "Zeros", "config": {}}, "moving_variance_initializer": {"class_name": "Ones", "config": {}}, "beta_regularizer": null, "gamma_regularizer": null, "beta_constraint": null, "gamma_constraint": null}, "inbound_nodes": [[["res4a_branch2c", 0, 0, {}]]]}, {"name": "bn4a_branch1", "class_name": "BatchNormalization", "config": {"name": "bn4a_branch1", "trainable": false, "axis": 3, "momentum": 0.99, "epsilon": 0.001, "center": true, "scale": true, "beta_initializer": {"class_name": "Zeros", "config": {}}, "gamma_initializer": {"class_name": "Ones", "config": {}}, "moving_mean_initializer": {"class_name": "Zeros", "config": {}}, "moving_variance_initializer": {"class_name": "Ones", "config": {}}, "beta_regularizer": null, "gamma_regularizer": null, "beta_constraint": null, "gamma_constraint": null}, "inbound_nodes": [[["res4a_branch1", 0, 0, {}]]]}, {"name": "add_200", "class_name": "Add", "config": {"name": "add_200", "trainable": false}, "inbound_nodes": [[["bn4a_branch2c", 0, 0, {}], ["bn4a_branch1", 0, 0, {}]]]}, {"name": "activation_613", "class_name": "Activation", "config": {"name": "activation_613", "trainable": false, "activation": "relu"}, "inbound_nodes": [[["add_200", 0, 0, {}]]]}, {"name": "res4b_branch2a", "class_name": "Conv2D", "config": {"name": "res4b_branch2a", "trainable": false, "filters": 256, "kernel_size": [1, 1], "strides": [1, 1], "padding": "valid", "data_format": "channels_last", "dilation_rate": [1, 1], "activation": "linear", "use_bias": true, "kernel_initializer": {"class_name": "VarianceScaling", "config": {"scale": 1.0, "mode": "fan_avg", "distribution": "uniform", "seed": null}}, "bias_initializer": {"class_name": "Zeros", "config": {}}, "kernel_regularizer": null, "bias_regularizer": null, "activity_regularizer": null, "kernel_constraint": null, "bias_constraint": null}, "inbound_nodes": [[["activation_613", 0, 0, {}]]]}, {"name": "bn4b_branch2a", "class_name": "BatchNormalization", "config": {"name": "bn4b_branch2a", "trainable": false, "axis": 3, "momentum": 0.99, "epsilon": 0.001, "center": true, "scale": true, "beta_initializer": {"class_name": "Zeros", "config": {}}, "gamma_initializer": {"class_name": "Ones", "config": {}}, "moving_mean_initializer": {"class_name": "Zeros", "config": {}}, "moving_variance_initializer": {"class_name": "Ones", "config": {}}, "beta_regularizer": null, "gamma_regularizer": null, "beta_constraint": null, "gamma_constraint": null}, "inbound_nodes": [[["res4b_branch2a", 0, 0, {}]]]}, {"name": "activation_614", "class_name": "Activation", "config": {"name": "activation_614", "trainable": false, "activation": "relu"}, "inbound_nodes": [[["bn4b_branch2a", 0, 0, {}]]]}, {"name": "res4b_branch2b", "class_name": "Conv2D", "config": {"name": "res4b_branch2b", "trainable": false, "filters": 256, "kernel_size": [3, 3], "strides": [1, 1], "padding": "same", "data_format": "channels_last", "dilation_rate": [1, 1], "activation": "linear", "use_bias": true, "kernel_initializer": {"class_name": "VarianceScaling", "config": {"scale": 1.0, "mode": "fan_avg", "distribution": "uniform", "seed": null}}, "bias_initializer": {"class_name": "Zeros", "config": {}}, "kernel_regularizer": null, "bias_regularizer": null, "activity_regularizer": null, "kernel_constraint": null, "bias_constraint": null}, "inbound_nodes": [[["activation_614", 0, 0, {}]]]}, {"name": "bn4b_branch2b", "class_name": "BatchNormalization", "config": {"name": "bn4b_branch2b", "trainable": false, "axis": 3, "momentum": 0.99, "epsilon": 0.001, "center": true, "scale": true, "beta_initializer": {"class_name": "Zeros", "config": {}}, "gamma_initializer": {"class_name": "Ones", "config": {}}, "moving_mean_initializer": {"class_name": "Zeros", "config": {}}, "moving_variance_initializer": {"class_name": "Ones", "config": {}}, "beta_regularizer": null, "gamma_regularizer": null, "beta_constraint": null, "gamma_constraint": null}, "inbound_nodes": [[["res4b_branch2b", 0, 0, {}]]]}, {"name": "activation_615", "class_name": "Activation", "config": {"name": "activation_615", "trainable": false, "activation": "relu"}, "inbound_nodes": [[["bn4b_branch2b", 0, 0, {}]]]}, {"name": "res4b_branch2c", "class_name": "Conv2D", "config": {"name": "res4b_branch2c", "trainable": false, "filters": 1024, "kernel_size": [1, 1], "strides": [1, 1], "padding": "valid", "data_format": "channels_last", "dilation_rate": [1, 1], "activation": "linear", "use_bias": true, "kernel_initializer": {"class_name": "VarianceScaling", "config": {"scale": 1.0, "mode": "fan_avg", "distribution": "uniform", "seed": null}}, "bias_initializer": {"class_name": "Zeros", "config": {}}, "kernel_regularizer": null, "bias_regularizer": null, "activity_regularizer": null, "kernel_constraint": null, "bias_constraint": null}, "inbound_nodes": [[["activation_615", 0, 0, {}]]]}, {"name": "bn4b_branch2c", "class_name": "BatchNormalization", "config": {"name": "bn4b_branch2c", "trainable": false, "axis": 3, "momentum": 0.99, "epsilon": 0.001, "center": true, "scale": true, "beta_initializer": {"class_name": "Zeros", "config": {}}, "gamma_initializer": {"class_name": "Ones", "config": {}}, "moving_mean_initializer": {"class_name": "Zeros", "config": {}}, "moving_variance_initializer": {"class_name": "Ones", "config": {}}, "beta_regularizer": null, "gamma_regularizer": null, "beta_constraint": null, "gamma_constraint": null}, "inbound_nodes": [[["res4b_branch2c", 0, 0, {}]]]}, {"name": "add_201", "class_name": "Add", "config": {"name": "add_201", "trainable": false}, "inbound_nodes": [[["bn4b_branch2c", 0, 0, {}], ["activation_613", 0, 0, {}]]]}, {"name": "activation_616", "class_name": "Activation", "config": {"name": "activation_616", "trainable": false, "activation": "relu"}, "inbound_nodes": [[["add_201", 0, 0, {}]]]}, {"name": "res4c_branch2a", "class_name": "Conv2D", "config": {"name": "res4c_branch2a", "trainable": false, "filters": 256, "kernel_size": [1, 1], "strides": [1, 1], "padding": "valid", "data_format": "channels_last", "dilation_rate": [1, 1], "activation": "linear", "use_bias": true, "kernel_initializer": {"class_name": "VarianceScaling", "config": {"scale": 1.0, "mode": "fan_avg", "distribution": "uniform", "seed": null}}, "bias_initializer": {"class_name": "Zeros", "config": {}}, "kernel_regularizer": null, "bias_regularizer": null, "activity_regularizer": null, "kernel_constraint": null, "bias_constraint": null}, "inbound_nodes": [[["activation_616", 0, 0, {}]]]}, {"name": "bn4c_branch2a", "class_name": "BatchNormalization", "config": {"name": "bn4c_branch2a", "trainable": false, "axis": 3, "momentum": 0.99, "epsilon": 0.001, "center": true, "scale": true, "beta_initializer": {"class_name": "Zeros", "config": {}}, "gamma_initializer": {"class_name": "Ones", "config": {}}, "moving_mean_initializer": {"class_name": "Zeros", "config": {}}, "moving_variance_initializer": {"class_name": "Ones", "config": {}}, "beta_regularizer": null, "gamma_regularizer": null, "beta_constraint": null, "gamma_constraint": null}, "inbound_nodes": [[["res4c_branch2a", 0, 0, {}]]]}, {"name": "activation_617", "class_name": "Activation", "config": {"name": "activation_617", "trainable": false, "activation": "relu"}, "inbound_nodes": [[["bn4c_branch2a", 0, 0, {}]]]}, {"name": "res4c_branch2b", "class_name": "Conv2D", "config": {"name": "res4c_branch2b", "trainable": false, "filters": 256, "kernel_size": [3, 3], "strides": [1, 1], "padding": "same", "data_format": "channels_last", "dilation_rate": [1, 1], "activation": "linear", "use_bias": true, "kernel_initializer": {"class_name": "VarianceScaling", "config": {"scale": 1.0, "mode": "fan_avg", "distribution": "uniform", "seed": null}}, "bias_initializer": {"class_name": "Zeros", "config": {}}, "kernel_regularizer": null, "bias_regularizer": null, "activity_regularizer": null, "kernel_constraint": null, "bias_constraint": null}, "inbound_nodes": [[["activation_617", 0, 0, {}]]]}, {"name": "bn4c_branch2b", "class_name": "BatchNormalization", "config": {"name": "bn4c_branch2b", "trainable": false, "axis": 3, "momentum": 0.99, "epsilon": 0.001, "center": true, "scale": true, "beta_initializer": {"class_name": "Zeros", "config": {}}, "gamma_initializer": {"class_name": "Ones", "config": {}}, "moving_mean_initializer": {"class_name": "Zeros", "config": {}}, "moving_variance_initializer": {"class_name": "Ones", "config": {}}, "beta_regularizer": null, "gamma_regularizer": null, "beta_constraint": null, "gamma_constraint": null}, "inbound_nodes": [[["res4c_branch2b", 0, 0, {}]]]}, {"name": "activation_618", "class_name": "Activation", "config": {"name": "activation_618", "trainable": false, "activation": "relu"}, "inbound_nodes": [[["bn4c_branch2b", 0, 0, {}]]]}, {"name": "res4c_branch2c", "class_name": "Conv2D", "config": {"name": "res4c_branch2c", "trainable": false, "filters": 1024, "kernel_size": [1, 1], "strides": [1, 1], "padding": "valid", "data_format": "channels_last", "dilation_rate": [1, 1], "activation": "linear", "use_bias": true, "kernel_initializer": {"class_name": "VarianceScaling", "config": {"scale": 1.0, "mode": "fan_avg", "distribution": "uniform", "seed": null}}, "bias_initializer": {"class_name": "Zeros", "config": {}}, "kernel_regularizer": null, "bias_regularizer": null, "activity_regularizer": null, "kernel_constraint": null, "bias_constraint": null}, "inbound_nodes": [[["activation_618", 0, 0, {}]]]}, {"name": "bn4c_branch2c", "class_name": "BatchNormalization", "config": {"name": "bn4c_branch2c", "trainable": false, "axis": 3, "momentum": 0.99, "epsilon": 0.001, "center": true, "scale": true, "beta_initializer": {"class_name": "Zeros", "config": {}}, "gamma_initializer": {"class_name": "Ones", "config": {}}, "moving_mean_initializer": {"class_name": "Zeros", "config": {}}, "moving_variance_initializer": {"class_name": "Ones", "config": {}}, "beta_regularizer": null, "gamma_regularizer": null, "beta_constraint": null, "gamma_constraint": null}, "inbound_nodes": [[["res4c_branch2c", 0, 0, {}]]]}, {"name": "add_202", "class_name": "Add", "config": {"name": "add_202", "trainable": false}, "inbound_nodes": [[["bn4c_branch2c", 0, 0, {}], ["activation_616", 0, 0, {}]]]}, {"name": "activation_619", "class_name": "Activation", "config": {"name": "activation_619", "trainable": false, "activation": "relu"}, "inbound_nodes": [[["add_202", 0, 0, {}]]]}, {"name": "res4d_branch2a", "class_name": "Conv2D", "config": {"name": "res4d_branch2a", "trainable": false, "filters": 256, "kernel_size": [1, 1], "strides": [1, 1], "padding": "valid", "data_format": "channels_last", "dilation_rate": [1, 1], "activation": "linear", "use_bias": true, "kernel_initializer": {"class_name": "VarianceScaling", "config": {"scale": 1.0, "mode": "fan_avg", "distribution": "uniform", "seed": null}}, "bias_initializer": {"class_name": "Zeros", "config": {}}, "kernel_regularizer": null, "bias_regularizer": null, "activity_regularizer": null, "kernel_constraint": null, "bias_constraint": null}, "inbound_nodes": [[["activation_619", 0, 0, {}]]]}, {"name": "bn4d_branch2a", "class_name": "BatchNormalization", "config": {"name": "bn4d_branch2a", "trainable": false, "axis": 3, "momentum": 0.99, "epsilon": 0.001, "center": true, "scale": true, "beta_initializer": {"class_name": "Zeros", "config": {}}, "gamma_initializer": {"class_name": "Ones", "config": {}}, "moving_mean_initializer": {"class_name": "Zeros", "config": {}}, "moving_variance_initializer": {"class_name": "Ones", "config": {}}, "beta_regularizer": null, "gamma_regularizer": null, "beta_constraint": null, "gamma_constraint": null}, "inbound_nodes": [[["res4d_branch2a", 0, 0, {}]]]}, {"name": "activation_620", "class_name": "Activation", "config": {"name": "activation_620", "trainable": false, "activation": "relu"}, "inbound_nodes": [[["bn4d_branch2a", 0, 0, {}]]]}, {"name": "res4d_branch2b", "class_name": "Conv2D", "config": {"name": "res4d_branch2b", "trainable": false, "filters": 256, "kernel_size": [3, 3], "strides": [1, 1], "padding": "same", "data_format": "channels_last", "dilation_rate": [1, 1], "activation": "linear", "use_bias": true, "kernel_initializer": {"class_name": "VarianceScaling", "config": {"scale": 1.0, "mode": "fan_avg", "distribution": "uniform", "seed": null}}, "bias_initializer": {"class_name": "Zeros", "config": {}}, "kernel_regularizer": null, "bias_regularizer": null, "activity_regularizer": null, "kernel_constraint": null, "bias_constraint": null}, "inbound_nodes": [[["activation_620", 0, 0, {}]]]}, {"name": "bn4d_branch2b", "class_name": "BatchNormalization", "config": {"name": "bn4d_branch2b", "trainable": false, "axis": 3, "momentum": 0.99, "epsilon": 0.001, "center": true, "scale": true, "beta_initializer": {"class_name": "Zeros", "config": {}}, "gamma_initializer": {"class_name": "Ones", "config": {}}, "moving_mean_initializer": {"class_name": "Zeros", "config": {}}, "moving_variance_initializer": {"class_name": "Ones", "config": {}}, "beta_regularizer": null, "gamma_regularizer": null, "beta_constraint": null, "gamma_constraint": null}, "inbound_nodes": [[["res4d_branch2b", 0, 0, {}]]]}, {"name": "activation_621", "class_name": "Activation", "config": {"name": "activation_621", "trainable": false, "activation": "relu"}, "inbound_nodes": [[["bn4d_branch2b", 0, 0, {}]]]}, {"name": "res4d_branch2c", "class_name": "Conv2D", "config": {"name": "res4d_branch2c", "trainable": false, "filters": 1024, "kernel_size": [1, 1], "strides": [1, 1], "padding": "valid", "data_format": "channels_last", "dilation_rate": [1, 1], "activation": "linear", "use_bias": true, "kernel_initializer": {"class_name": "VarianceScaling", "config": {"scale": 1.0, "mode": "fan_avg", "distribution": "uniform", "seed": null}}, "bias_initializer": {"class_name": "Zeros", "config": {}}, "kernel_regularizer": null, "bias_regularizer": null, "activity_regularizer": null, "kernel_constraint": null, "bias_constraint": null}, "inbound_nodes": [[["activation_621", 0, 0, {}]]]}, {"name": "bn4d_branch2c", "class_name": "BatchNormalization", "config": {"name": "bn4d_branch2c", "trainable": false, "axis": 3, "momentum": 0.99, "epsilon": 0.001, "center": true, "scale": true, "beta_initializer": {"class_name": "Zeros", "config": {}}, "gamma_initializer": {"class_name": "Ones", "config": {}}, "moving_mean_initializer": {"class_name": "Zeros", "config": {}}, "moving_variance_initializer": {"class_name": "Ones", "config": {}}, "beta_regularizer": null, "gamma_regularizer": null, "beta_constraint": null, "gamma_constraint": null}, "inbound_nodes": [[["res4d_branch2c", 0, 0, {}]]]}, {"name": "add_203", "class_name": "Add", "config": {"name": "add_203", "trainable": false}, "inbound_nodes": [[["bn4d_branch2c", 0, 0, {}], ["activation_619", 0, 0, {}]]]}, {"name": "activation_622", "class_name": "Activation", "config": {"name": "activation_622", "trainable": false, "activation": "relu"}, "inbound_nodes": [[["add_203", 0, 0, {}]]]}, {"name": "res4e_branch2a", "class_name": "Conv2D", "config": {"name": "res4e_branch2a", "trainable": false, "filters": 256, "kernel_size": [1, 1], "strides": [1, 1], "padding": "valid", "data_format": "channels_last", "dilation_rate": [1, 1], "activation": "linear", "use_bias": true, "kernel_initializer": {"class_name": "VarianceScaling", "config": {"scale": 1.0, "mode": "fan_avg", "distribution": "uniform", "seed": null}}, "bias_initializer": {"class_name": "Zeros", "config": {}}, "kernel_regularizer": null, "bias_regularizer": null, "activity_regularizer": null, "kernel_constraint": null, "bias_constraint": null}, "inbound_nodes": [[["activation_622", 0, 0, {}]]]}, {"name": "bn4e_branch2a", "class_name": "BatchNormalization", "config": {"name": "bn4e_branch2a", "trainable": false, "axis": 3, "momentum": 0.99, "epsilon": 0.001, "center": true, "scale": true, "beta_initializer": {"class_name": "Zeros", "config": {}}, "gamma_initializer": {"class_name": "Ones", "config": {}}, "moving_mean_initializer": {"class_name": "Zeros", "config": {}}, "moving_variance_initializer": {"class_name": "Ones", "config": {}}, "beta_regularizer": null, "gamma_regularizer": null, "beta_constraint": null, "gamma_constraint": null}, "inbound_nodes": [[["res4e_branch2a", 0, 0, {}]]]}, {"name": "activation_623", "class_name": "Activation", "config": {"name": "activation_623", "trainable": false, "activation": "relu"}, "inbound_nodes": [[["bn4e_branch2a", 0, 0, {}]]]}, {"name": "res4e_branch2b", "class_name": "Conv2D", "config": {"name": "res4e_branch2b", "trainable": false, "filters": 256, "kernel_size": [3, 3], "strides": [1, 1], "padding": "same", "data_format": "channels_last", "dilation_rate": [1, 1], "activation": "linear", "use_bias": true, "kernel_initializer": {"class_name": "VarianceScaling", "config": {"scale": 1.0, "mode": "fan_avg", "distribution": "uniform", "seed": null}}, "bias_initializer": {"class_name": "Zeros", "config": {}}, "kernel_regularizer": null, "bias_regularizer": null, "activity_regularizer": null, "kernel_constraint": null, "bias_constraint": null}, "inbound_nodes": [[["activation_623", 0, 0, {}]]]}, {"name": "bn4e_branch2b", "class_name": "BatchNormalization", "config": {"name": "bn4e_branch2b", "trainable": false, "axis": 3, "momentum": 0.99, "epsilon": 0.001, "center": true, "scale": true, "beta_initializer": {"class_name": "Zeros", "config": {}}, "gamma_initializer": {"class_name": "Ones", "config": {}}, "moving_mean_initializer": {"class_name": "Zeros", "config": {}}, "moving_variance_initializer": {"class_name": "Ones", "config": {}}, "beta_regularizer": null, "gamma_regularizer": null, "beta_constraint": null, "gamma_constraint": null}, "inbound_nodes": [[["res4e_branch2b", 0, 0, {}]]]}, {"name": "activation_624", "class_name": "Activation", "config": {"name": "activation_624", "trainable": false, "activation": "relu"}, "inbound_nodes": [[["bn4e_branch2b", 0, 0, {}]]]}, {"name": "res4e_branch2c", "class_name": "Conv2D", "config": {"name": "res4e_branch2c", "trainable": false, "filters": 1024, "kernel_size": [1, 1], "strides": [1, 1], "padding": "valid", "data_format": "channels_last", "dilation_rate": [1, 1], "activation": "linear", "use_bias": true, "kernel_initializer": {"class_name": "VarianceScaling", "config": {"scale": 1.0, "mode": "fan_avg", "distribution": "uniform", "seed": null}}, "bias_initializer": {"class_name": "Zeros", "config": {}}, "kernel_regularizer": null, "bias_regularizer": null, "activity_regularizer": null, "kernel_constraint": null, "bias_constraint": null}, "inbound_nodes": [[["activation_624", 0, 0, {}]]]}, {"name": "bn4e_branch2c", "class_name": "BatchNormalization", "config": {"name": "bn4e_branch2c", "trainable": false, "axis": 3, "momentum": 0.99, "epsilon": 0.001, "center": true, "scale": true, "beta_initializer": {"class_name": "Zeros", "config": {}}, "gamma_initializer": {"class_name": "Ones", "config": {}}, "moving_mean_initializer": {"class_name": "Zeros", "config": {}}, "moving_variance_initializer": {"class_name": "Ones", "config": {}}, "beta_regularizer": null, "gamma_regularizer": null, "beta_constraint": null, "gamma_constraint": null}, "inbound_nodes": [[["res4e_branch2c", 0, 0, {}]]]}, {"name": "add_204", "class_name": "Add", "config": {"name": "add_204", "trainable": false}, "inbound_nodes": [[["bn4e_branch2c", 0, 0, {}], ["activation_622", 0, 0, {}]]]}, {"name": "activation_625", "class_name": "Activation", "config": {"name": "activation_625", "trainable": false, "activation": "relu"}, "inbound_nodes": [[["add_204", 0, 0, {}]]]}, {"name": "res4f_branch2a", "class_name": "Conv2D", "config": {"name": "res4f_branch2a", "trainable": false, "filters": 256, "kernel_size": [1, 1], "strides": [1, 1], "padding": "valid", "data_format": "channels_last", "dilation_rate": [1, 1], "activation": "linear", "use_bias": true, "kernel_initializer": {"class_name": "VarianceScaling", "config": {"scale": 1.0, "mode": "fan_avg", "distribution": "uniform", "seed": null}}, "bias_initializer": {"class_name": "Zeros", "config": {}}, "kernel_regularizer": null, "bias_regularizer": null, "activity_regularizer": null, "kernel_constraint": null, "bias_constraint": null}, "inbound_nodes": [[["activation_625", 0, 0, {}]]]}, {"name": "bn4f_branch2a", "class_name": "BatchNormalization", "config": {"name": "bn4f_branch2a", "trainable": false, "axis": 3, "momentum": 0.99, "epsilon": 0.001, "center": true, "scale": true, "beta_initializer": {"class_name": "Zeros", "config": {}}, "gamma_initializer": {"class_name": "Ones", "config": {}}, "moving_mean_initializer": {"class_name": "Zeros", "config": {}}, "moving_variance_initializer": {"class_name": "Ones", "config": {}}, "beta_regularizer": null, "gamma_regularizer": null, "beta_constraint": null, "gamma_constraint": null}, "inbound_nodes": [[["res4f_branch2a", 0, 0, {}]]]}, {"name": "activation_626", "class_name": "Activation", "config": {"name": "activation_626", "trainable": false, "activation": "relu"}, "inbound_nodes": [[["bn4f_branch2a", 0, 0, {}]]]}, {"name": "res4f_branch2b", "class_name": "Conv2D", "config": {"name": "res4f_branch2b", "trainable": false, "filters": 256, "kernel_size": [3, 3], "strides": [1, 1], "padding": "same", "data_format": "channels_last", "dilation_rate": [1, 1], "activation": "linear", "use_bias": true, "kernel_initializer": {"class_name": "VarianceScaling", "config": {"scale": 1.0, "mode": "fan_avg", "distribution": "uniform", "seed": null}}, "bias_initializer": {"class_name": "Zeros", "config": {}}, "kernel_regularizer": null, "bias_regularizer": null, "activity_regularizer": null, "kernel_constraint": null, "bias_constraint": null}, "inbound_nodes": [[["activation_626", 0, 0, {}]]]}, {"name": "bn4f_branch2b", "class_name": "BatchNormalization", "config": {"name": "bn4f_branch2b", "trainable": false, "axis": 3, "momentum": 0.99, "epsilon": 0.001, "center": true, "scale": true, "beta_initializer": {"class_name": "Zeros", "config": {}}, "gamma_initializer": {"class_name": "Ones", "config": {}}, "moving_mean_initializer": {"class_name": "Zeros", "config": {}}, "moving_variance_initializer": {"class_name": "Ones", "config": {}}, "beta_regularizer": null, "gamma_regularizer": null, "beta_constraint": null, "gamma_constraint": null}, "inbound_nodes": [[["res4f_branch2b", 0, 0, {}]]]}, {"name": "activation_627", "class_name": "Activation", "config": {"name": "activation_627", "trainable": false, "activation": "relu"}, "inbound_nodes": [[["bn4f_branch2b", 0, 0, {}]]]}, {"name": "res4f_branch2c", "class_name": "Conv2D", "config": {"name": "res4f_branch2c", "trainable": false, "filters": 1024, "kernel_size": [1, 1], "strides": [1, 1], "padding": "valid", "data_format": "channels_last", "dilation_rate": [1, 1], "activation": "linear", "use_bias": true, "kernel_initializer": {"class_name": "VarianceScaling", "config": {"scale": 1.0, "mode": "fan_avg", "distribution": "uniform", "seed": null}}, "bias_initializer": {"class_name": "Zeros", "config": {}}, "kernel_regularizer": null, "bias_regularizer": null, "activity_regularizer": null, "kernel_constraint": null, "bias_constraint": null}, "inbound_nodes": [[["activation_627", 0, 0, {}]]]}, {"name": "bn4f_branch2c", "class_name": "BatchNormalization", "config": {"name": "bn4f_branch2c", "trainable": false, "axis": 3, "momentum": 0.99, "epsilon": 0.001, "center": true, "scale": true, "beta_initializer": {"class_name": "Zeros", "config": {}}, "gamma_initializer": {"class_name": "Ones", "config": {}}, "moving_mean_initializer": {"class_name": "Zeros", "config": {}}, "moving_variance_initializer": {"class_name": "Ones", "config": {}}, "beta_regularizer": null, "gamma_regularizer": null, "beta_constraint": null, "gamma_constraint": null}, "inbound_nodes": [[["res4f_branch2c", 0, 0, {}]]]}, {"name": "add_205", "class_name": "Add", "config": {"name": "add_205", "trainable": false}, "inbound_nodes": [[["bn4f_branch2c", 0, 0, {}], ["activation_625", 0, 0, {}]]]}, {"name": "activation_628", "class_name": "Activation", "config": {"name": "activation_628", "trainable": false, "activation": "relu"}, "inbound_nodes": [[["add_205", 0, 0, {}]]]}, {"name": "res5a_branch2a", "class_name": "Conv2D", "config": {"name": "res5a_branch2a", "trainable": false, "filters": 512, "kernel_size": [1, 1], "strides": [2, 2], "padding": "valid", "data_format": "channels_last", "dilation_rate": [1, 1], "activation": "linear", "use_bias": true, "kernel_initializer": {"class_name": "VarianceScaling", "config": {"scale": 1.0, "mode": "fan_avg", "distribution": "uniform", "seed": null}}, "bias_initializer": {"class_name": "Zeros", "config": {}}, "kernel_regularizer": null, "bias_regularizer": null, "activity_regularizer": null, "kernel_constraint": null, "bias_constraint": null}, "inbound_nodes": [[["activation_628", 0, 0, {}]]]}, {"name": "bn5a_branch2a", "class_name": "BatchNormalization", "config": {"name": "bn5a_branch2a", "trainable": false, "axis": 3, "momentum": 0.99, "epsilon": 0.001, "center": true, "scale": true, "beta_initializer": {"class_name": "Zeros", "config": {}}, "gamma_initializer": {"class_name": "Ones", "config": {}}, "moving_mean_initializer": {"class_name": "Zeros", "config": {}}, "moving_variance_initializer": {"class_name": "Ones", "config": {}}, "beta_regularizer": null, "gamma_regularizer": null, "beta_constraint": null, "gamma_constraint": null}, "inbound_nodes": [[["res5a_branch2a", 0, 0, {}]]]}, {"name": "activation_629", "class_name": "Activation", "config": {"name": "activation_629", "trainable": false, "activation": "relu"}, "inbound_nodes": [[["bn5a_branch2a", 0, 0, {}]]]}, {"name": "res5a_branch2b", "class_name": "Conv2D", "config": {"name": "res5a_branch2b", "trainable": false, "filters": 512, "kernel_size": [3, 3], "strides": [1, 1], "padding": "same", "data_format": "channels_last", "dilation_rate": [1, 1], "activation": "linear", "use_bias": true, "kernel_initializer": {"class_name": "VarianceScaling", "config": {"scale": 1.0, "mode": "fan_avg", "distribution": "uniform", "seed": null}}, "bias_initializer": {"class_name": "Zeros", "config": {}}, "kernel_regularizer": null, "bias_regularizer": null, "activity_regularizer": null, "kernel_constraint": null, "bias_constraint": null}, "inbound_nodes": [[["activation_629", 0, 0, {}]]]}, {"name": "bn5a_branch2b", "class_name": "BatchNormalization", "config": {"name": "bn5a_branch2b", "trainable": false, "axis": 3, "momentum": 0.99, "epsilon": 0.001, "center": true, "scale": true, "beta_initializer": {"class_name": "Zeros", "config": {}}, "gamma_initializer": {"class_name": "Ones", "config": {}}, "moving_mean_initializer": {"class_name": "Zeros", "config": {}}, "moving_variance_initializer": {"class_name": "Ones", "config": {}}, "beta_regularizer": null, "gamma_regularizer": null, "beta_constraint": null, "gamma_constraint": null}, "inbound_nodes": [[["res5a_branch2b", 0, 0, {}]]]}, {"name": "activation_630", "class_name": "Activation", "config": {"name": "activation_630", "trainable": false, "activation": "relu"}, "inbound_nodes": [[["bn5a_branch2b", 0, 0, {}]]]}, {"name": "res5a_branch2c", "class_name": "Conv2D", "config": {"name": "res5a_branch2c", "trainable": false, "filters": 2048, "kernel_size": [1, 1], "strides": [1, 1], "padding": "valid", "data_format": "channels_last", "dilation_rate": [1, 1], "activation": "linear", "use_bias": true, "kernel_initializer": {"class_name": "VarianceScaling", "config": {"scale": 1.0, "mode": "fan_avg", "distribution": "uniform", "seed": null}}, "bias_initializer": {"class_name": "Zeros", "config": {}}, "kernel_regularizer": null, "bias_regularizer": null, "activity_regularizer": null, "kernel_constraint": null, "bias_constraint": null}, "inbound_nodes": [[["activation_630", 0, 0, {}]]]}, {"name": "res5a_branch1", "class_name": "Conv2D", "config": {"name": "res5a_branch1", "trainable": false, "filters": 2048, "kernel_size": [1, 1], "strides": [2, 2], "padding": "valid", "data_format": "channels_last", "dilation_rate": [1, 1], "activation": "linear", "use_bias": true, "kernel_initializer": {"class_name": "VarianceScaling", "config": {"scale": 1.0, "mode": "fan_avg", "distribution": "uniform", "seed": null}}, "bias_initializer": {"class_name": "Zeros", "config": {}}, "kernel_regularizer": null, "bias_regularizer": null, "activity_regularizer": null, "kernel_constraint": null, "bias_constraint": null}, "inbound_nodes": [[["activation_628", 0, 0, {}]]]}, {"name": "bn5a_branch2c", "class_name": "BatchNormalization", "config": {"name": "bn5a_branch2c", "trainable": false, "axis": 3, "momentum": 0.99, "epsilon": 0.001, "center": true, "scale": true, "beta_initializer": {"class_name": "Zeros", "config": {}}, "gamma_initializer": {"class_name": "Ones", "config": {}}, "moving_mean_initializer": {"class_name": "Zeros", "config": {}}, "moving_variance_initializer": {"class_name": "Ones", "config": {}}, "beta_regularizer": null, "gamma_regularizer": null, "beta_constraint": null, "gamma_constraint": null}, "inbound_nodes": [[["res5a_branch2c", 0, 0, {}]]]}, {"name": "bn5a_branch1", "class_name": "BatchNormalization", "config": {"name": "bn5a_branch1", "trainable": false, "axis": 3, "momentum": 0.99, "epsilon": 0.001, "center": true, "scale": true, "beta_initializer": {"class_name": "Zeros", "config": {}}, "gamma_initializer": {"class_name": "Ones", "config": {}}, "moving_mean_initializer": {"class_name": "Zeros", "config": {}}, "moving_variance_initializer": {"class_name": "Ones", "config": {}}, "beta_regularizer": null, "gamma_regularizer": null, "beta_constraint": null, "gamma_constraint": null}, "inbound_nodes": [[["res5a_branch1", 0, 0, {}]]]}, {"name": "add_206", "class_name": "Add", "config": {"name": "add_206", "trainable": false}, "inbound_nodes": [[["bn5a_branch2c", 0, 0, {}], ["bn5a_branch1", 0, 0, {}]]]}, {"name": "activation_631", "class_name": "Activation", "config": {"name": "activation_631", "trainable": false, "activation": "relu"}, "inbound_nodes": [[["add_206", 0, 0, {}]]]}, {"name": "res5b_branch2a", "class_name": "Conv2D", "config": {"name": "res5b_branch2a", "trainable": false, "filters": 512, "kernel_size": [1, 1], "strides": [1, 1], "padding": "valid", "data_format": "channels_last", "dilation_rate": [1, 1], "activation": "linear", "use_bias": true, "kernel_initializer": {"class_name": "VarianceScaling", "config": {"scale": 1.0, "mode": "fan_avg", "distribution": "uniform", "seed": null}}, "bias_initializer": {"class_name": "Zeros", "config": {}}, "kernel_regularizer": null, "bias_regularizer": null, "activity_regularizer": null, "kernel_constraint": null, "bias_constraint": null}, "inbound_nodes": [[["activation_631", 0, 0, {}]]]}, {"name": "bn5b_branch2a", "class_name": "BatchNormalization", "config": {"name": "bn5b_branch2a", "trainable": false, "axis": 3, "momentum": 0.99, "epsilon": 0.001, "center": true, "scale": true, "beta_initializer": {"class_name": "Zeros", "config": {}}, "gamma_initializer": {"class_name": "Ones", "config": {}}, "moving_mean_initializer": {"class_name": "Zeros", "config": {}}, "moving_variance_initializer": {"class_name": "Ones", "config": {}}, "beta_regularizer": null, "gamma_regularizer": null, "beta_constraint": null, "gamma_constraint": null}, "inbound_nodes": [[["res5b_branch2a", 0, 0, {}]]]}, {"name": "activation_632", "class_name": "Activation", "config": {"name": "activation_632", "trainable": false, "activation": "relu"}, "inbound_nodes": [[["bn5b_branch2a", 0, 0, {}]]]}, {"name": "res5b_branch2b", "class_name": "Conv2D", "config": {"name": "res5b_branch2b", "trainable": false, "filters": 512, "kernel_size": [3, 3], "strides": [1, 1], "padding": "same", "data_format": "channels_last", "dilation_rate": [1, 1], "activation": "linear", "use_bias": true, "kernel_initializer": {"class_name": "VarianceScaling", "config": {"scale": 1.0, "mode": "fan_avg", "distribution": "uniform", "seed": null}}, "bias_initializer": {"class_name": "Zeros", "config": {}}, "kernel_regularizer": null, "bias_regularizer": null, "activity_regularizer": null, "kernel_constraint": null, "bias_constraint": null}, "inbound_nodes": [[["activation_632", 0, 0, {}]]]}, {"name": "bn5b_branch2b", "class_name": "BatchNormalization", "config": {"name": "bn5b_branch2b", "trainable": false, "axis": 3, "momentum": 0.99, "epsilon": 0.001, "center": true, "scale": true, "beta_initializer": {"class_name": "Zeros", "config": {}}, "gamma_initializer": {"class_name": "Ones", "config": {}}, "moving_mean_initializer": {"class_name": "Zeros", "config": {}}, "moving_variance_initializer": {"class_name": "Ones", "config": {}}, "beta_regularizer": null, "gamma_regularizer": null, "beta_constraint": null, "gamma_constraint": null}, "inbound_nodes": [[["res5b_branch2b", 0, 0, {}]]]}, {"name": "activation_633", "class_name": "Activation", "config": {"name": "activation_633", "trainable": false, "activation": "relu"}, "inbound_nodes": [[["bn5b_branch2b", 0, 0, {}]]]}, {"name": "res5b_branch2c", "class_name": "Conv2D", "config": {"name": "res5b_branch2c", "trainable": false, "filters": 2048, "kernel_size": [1, 1], "strides": [1, 1], "padding": "valid", "data_format": "channels_last", "dilation_rate": [1, 1], "activation": "linear", "use_bias": true, "kernel_initializer": {"class_name": "VarianceScaling", "config": {"scale": 1.0, "mode": "fan_avg", "distribution": "uniform", "seed": null}}, "bias_initializer": {"class_name": "Zeros", "config": {}}, "kernel_regularizer": null, "bias_regularizer": null, "activity_regularizer": null, "kernel_constraint": null, "bias_constraint": null}, "inbound_nodes": [[["activation_633", 0, 0, {}]]]}, {"name": "bn5b_branch2c", "class_name": "BatchNormalization", "config": {"name": "bn5b_branch2c", "trainable": false, "axis": 3, "momentum": 0.99, "epsilon": 0.001, "center": true, "scale": true, "beta_initializer": {"class_name": "Zeros", "config": {}}, "gamma_initializer": {"class_name": "Ones", "config": {}}, "moving_mean_initializer": {"class_name": "Zeros", "config": {}}, "moving_variance_initializer": {"class_name": "Ones", "config": {}}, "beta_regularizer": null, "gamma_regularizer": null, "beta_constraint": null, "gamma_constraint": null}, "inbound_nodes": [[["res5b_branch2c", 0, 0, {}]]]}, {"name": "add_207", "class_name": "Add", "config": {"name": "add_207", "trainable": false}, "inbound_nodes": [[["bn5b_branch2c", 0, 0, {}], ["activation_631", 0, 0, {}]]]}, {"name": "activation_634", "class_name": "Activation", "config": {"name": "activation_634", "trainable": false, "activation": "relu"}, "inbound_nodes": [[["add_207", 0, 0, {}]]]}, {"name": "res5c_branch2a", "class_name": "Conv2D", "config": {"name": "res5c_branch2a", "trainable": false, "filters": 512, "kernel_size": [1, 1], "strides": [1, 1], "padding": "valid", "data_format": "channels_last", "dilation_rate": [1, 1], "activation": "linear", "use_bias": true, "kernel_initializer": {"class_name": "VarianceScaling", "config": {"scale": 1.0, "mode": "fan_avg", "distribution": "uniform", "seed": null}}, "bias_initializer": {"class_name": "Zeros", "config": {}}, "kernel_regularizer": null, "bias_regularizer": null, "activity_regularizer": null, "kernel_constraint": null, "bias_constraint": null}, "inbound_nodes": [[["activation_634", 0, 0, {}]]]}, {"name": "bn5c_branch2a", "class_name": "BatchNormalization", "config": {"name": "bn5c_branch2a", "trainable": false, "axis": 3, "momentum": 0.99, "epsilon": 0.001, "center": true, "scale": true, "beta_initializer": {"class_name": "Zeros", "config": {}}, "gamma_initializer": {"class_name": "Ones", "config": {}}, "moving_mean_initializer": {"class_name": "Zeros", "config": {}}, "moving_variance_initializer": {"class_name": "Ones", "config": {}}, "beta_regularizer": null, "gamma_regularizer": null, "beta_constraint": null, "gamma_constraint": null}, "inbound_nodes": [[["res5c_branch2a", 0, 0, {}]]]}, {"name": "activation_635", "class_name": "Activation", "config": {"name": "activation_635", "trainable": false, "activation": "relu"}, "inbound_nodes": [[["bn5c_branch2a", 0, 0, {}]]]}, {"name": "res5c_branch2b", "class_name": "Conv2D", "config": {"name": "res5c_branch2b", "trainable": false, "filters": 512, "kernel_size": [3, 3], "strides": [1, 1], "padding": "same", "data_format": "channels_last", "dilation_rate": [1, 1], "activation": "linear", "use_bias": true, "kernel_initializer": {"class_name": "VarianceScaling", "config": {"scale": 1.0, "mode": "fan_avg", "distribution": "uniform", "seed": null}}, "bias_initializer": {"class_name": "Zeros", "config": {}}, "kernel_regularizer": null, "bias_regularizer": null, "activity_regularizer": null, "kernel_constraint": null, "bias_constraint": null}, "inbound_nodes": [[["activation_635", 0, 0, {}]]]}, {"name": "bn5c_branch2b", "class_name": "BatchNormalization", "config": {"name": "bn5c_branch2b", "trainable": false, "axis": 3, "momentum": 0.99, "epsilon": 0.001, "center": true, "scale": true, "beta_initializer": {"class_name": "Zeros", "config": {}}, "gamma_initializer": {"class_name": "Ones", "config": {}}, "moving_mean_initializer": {"class_name": "Zeros", "config": {}}, "moving_variance_initializer": {"class_name": "Ones", "config": {}}, "beta_regularizer": null, "gamma_regularizer": null, "beta_constraint": null, "gamma_constraint": null}, "inbound_nodes": [[["res5c_branch2b", 0, 0, {}]]]}, {"name": "activation_636", "class_name": "Activation", "config": {"name": "activation_636", "trainable": false, "activation": "relu"}, "inbound_nodes": [[["bn5c_branch2b", 0, 0, {}]]]}, {"name": "res5c_branch2c", "class_name": "Conv2D", "config": {"name": "res5c_branch2c", "trainable": false, "filters": 2048, "kernel_size": [1, 1], "strides": [1, 1], "padding": "valid", "data_format": "channels_last", "dilation_rate": [1, 1], "activation": "linear", "use_bias": true, "kernel_initializer": {"class_name": "VarianceScaling", "config": {"scale": 1.0, "mode": "fan_avg", "distribution": "uniform", "seed": null}}, "bias_initializer": {"class_name": "Zeros", "config": {}}, "kernel_regularizer": null, "bias_regularizer": null, "activity_regularizer": null, "kernel_constraint": null, "bias_constraint": null}, "inbound_nodes": [[["activation_636", 0, 0, {}]]]}, {"name": "bn5c_branch2c", "class_name": "BatchNormalization", "config": {"name": "bn5c_branch2c", "trainable": false, "axis": 3, "momentum": 0.99, "epsilon": 0.001, "center": true, "scale": true, "beta_initializer": {"class_name": "Zeros", "config": {}}, "gamma_initializer": {"class_name": "Ones", "config": {}}, "moving_mean_initializer": {"class_name": "Zeros", "config": {}}, "moving_variance_initializer": {"class_name": "Ones", "config": {}}, "beta_regularizer": null, "gamma_regularizer": null, "beta_constraint": null, "gamma_constraint": null}, "inbound_nodes": [[["res5c_branch2c", 0, 0, {}]]]}, {"name": "add_208", "class_name": "Add", "config": {"name": "add_208", "trainable": false}, "inbound_nodes": [[["bn5c_branch2c", 0, 0, {}], ["activation_634", 0, 0, {}]]]}, {"name": "activation_637", "class_name": "Activation", "config": {"name": "activation_637", "trainable": false, "activation": "relu"}, "inbound_nodes": [[["add_208", 0, 0, {}]]]}, {"name": "avg_pool", "class_name": "AveragePooling2D", "config": {"name": "avg_pool", "trainable": false, "pool_size": [7, 7], "padding": "valid", "strides": [7, 7], "data_format": "channels_last"}, "inbound_nodes": [[["activation_637", 0, 0, {}]]]}, {"name": "global_average_pooling2d_13", "class_name": "GlobalAveragePooling2D", "config": {"name": "global_average_pooling2d_13", "trainable": true, "data_format": "channels_last"}, "inbound_nodes": [[["avg_pool", 0, 0, {}]]]}, {"name": "dense_25", "class_name": "Dense", "config": {"name": "dense_25", "trainable": true, "units": 1024, "activation": "sigmoid", "use_bias": true, "kernel_initializer": {"class_name": "VarianceScaling", "config": {"scale": 1.0, "mode": "fan_avg", "distribution": "uniform", "seed": null}}, "bias_initializer": {"class_name": "Zeros", "config": {}}, "kernel_regularizer": null, "bias_regularizer": null, "activity_regularizer": null, "kernel_constraint": null, "bias_constraint": null}, "inbound_nodes": [[["global_average_pooling2d_13", 0, 0, {}]]]}, {"name": "dense_26", "class_name": "Dense", "config": {"name": "dense_26", "trainable": true, "units": 1, "activation": "sigmoid", "use_bias": true, "kernel_initializer": {"class_name": "VarianceScaling", "config": {"scale": 1.0, "mode": "fan_avg", "distribution": "uniform", "seed": null}}, "bias_initializer": {"class_name": "Zeros", "config": {}}, "kernel_regularizer": null, "bias_regularizer": null, "activity_regularizer": null, "kernel_constraint": null, "bias_constraint": null}, "inbound_nodes": [[["dense_25", 0, 0, {}]]]}], "input_layers": [["input_13", 0, 0]], "output_layers": [["dense_26", 0, 0]]}, "keras_version": "2.1.2", "backend": "tensorflow"}