,round_epochs,val_loss,val_acc,loss,acc,batch_size,class_weights,early_stopper,epochs,losses,lr,optimizer,
0,20,0.6078448447775333,0.7004929278555431,0.5900117452465523,0.7351833688801177,128,False,moderate,20,mean_squared_error,1e-05,<class 'keras.optimizers.Nadam'>,0
1,4,0.48071824299528243,0.7839908155536217,0.4605744615461021,0.7993273834075483,128,False,moderate,20,mean_squared_error,10.0,<class 'keras.optimizers.Adam'>,1
2,20,0.7116888198990228,0.5974769009373471,0.7152924571794679,0.5863510257374144,64,False,moderate,20,mean_squared_error,1e-06,<class 'keras.optimizers.Nadam'>,2
3,20,0.6556084127049315,0.574111890104404,0.6509183160770229,0.589046694833242,128,False,moderate,20,mean_squared_error,1e-05,<class 'keras.optimizers.Adam'>,3
4,20,0.7053404600786946,0.6277245592926048,0.7062025193696019,0.617970063556771,128,False,moderate,20,mean_squared_error,1e-06,<class 'keras.optimizers.Adam'>,4
5,20,0.47378099327029427,0.8128911915170114,0.4793570724823835,0.7993165146875313,64,False,moderate,20,mean_squared_error,0.0001,<class 'keras.optimizers.Adam'>,5
6,20,0.4767566403900599,0.8124187653006754,0.4801799488619335,0.7991801689903759,64,False,moderate,20,mean_squared_error,0.0001,<class 'keras.optimizers.Adam'>,6
7,3,0.4886911094958659,0.7980560633243489,0.4323450435283671,0.811613990017272,64,False,moderate,20,mean_squared_error,5.0,<class 'keras.optimizers.Adam'>,7
8,20,0.45794595311477915,0.8092455247071738,0.44779529310215244,0.8040981486797375,128,False,moderate,20,mean_squared_error,0.001,<class 'keras.optimizers.Nadam'>,8
9,4,0.6291744234691456,0.7532982256003063,0.28267608756405904,0.8813292368059029,128,False,moderate,20,mean_squared_error,1.0,<class 'keras.optimizers.Adam'>,9
