,round_epochs,val_loss,val_acc,loss,acc,batch_size,epochs,losses,lr,optimizer,
0,3,0.4205196421430547,0.8831060606060606,0.11320183454145288,0.9579046930794083,32,15,categorical_crossentropy,0.9,<class 'keras.optimizers.Adam'>,0
1,2,0.5728829657263828,0.8724458874458875,0.14472604324172142,0.9502812730261293,32,15,categorical_crossentropy,0.9,<class 'keras.optimizers.RMSprop'>,1
2,2,0.38314529660137703,0.8784199134199134,0.13556092435334438,0.9492929207050955,32,15,categorical_crossentropy,0.999,<class 'keras.optimizers.Adam'>,2
3,2,0.5528887117933079,0.8755411255411255,0.1509630868386589,0.9484994048631186,32,15,categorical_crossentropy,0.999,<class 'keras.optimizers.RMSprop'>,3
