,round_epochs,val_loss,val_acc,loss,acc,batch_size,epochs,losses,lr,optimizer,
0,4,0.3930412301240545,0.8437554112554112,0.2794605508883348,0.8929107861474805,32,15,categorical_crossentropy,0.01,<class 'keras.optimizers.Adam'>,0
1,4,0.39858892242500793,0.8435389610389611,0.2901315440278147,0.8881709459842431,32,15,categorical_crossentropy,0.01,<class 'keras.optimizers.RMSprop'>,1
2,11,0.3992616596134194,0.8408116883116883,0.3332373368291096,0.8698350620642747,32,15,categorical_crossentropy,0.001,<class 'keras.optimizers.Adam'>,2
3,11,0.40234615743160246,0.8391666666666666,0.3408343877932831,0.8672703055035992,32,15,categorical_crossentropy,0.001,<class 'keras.optimizers.RMSprop'>,3
4,15,0.45935208430537927,0.8206818181818182,0.4485354411647966,0.8244098225925296,32,15,categorical_crossentropy,0.0001,<class 'keras.optimizers.Adam'>,4
5,15,0.4583505286644031,0.8233766233766234,0.4483542576257397,0.8261243836082299,32,15,categorical_crossentropy,0.0001,<class 'keras.optimizers.RMSprop'>,5
6,15,0.775033253106204,0.7241666666666666,0.7990592376334337,0.7070049027943094,32,15,categorical_crossentropy,1e-05,<class 'keras.optimizers.Adam'>,6
7,15,0.6958858256525807,0.7321645021645021,0.703566858728328,0.7188367907952162,32,15,categorical_crossentropy,1e-05,<class 'keras.optimizers.RMSprop'>,7
