,round_epochs,val_loss,val_acc,loss,acc,batch_size,class_weights,early_stopper,epochs,lr,optimizer,
0,6,0.46197095635632973,0.8118563563277023,0.466717894266657,0.7999405270561919,64,False,moderate,20,0.01,<class 'keras.optimizers.Nadam'>,0
1,5,0.46240041298525675,0.81090775754382,0.4624245710351648,0.800603435326003,64,False,moderate,20,0.1,<class 'keras.optimizers.Adam'>,1
2,7,0.4615648517492694,0.8126349810363673,0.4672739718109103,0.7998370563450221,128,False,moderate,20,0.01,<class 'keras.optimizers.Nadam'>,2
3,6,0.46385879031068283,0.8111102241784969,0.4620037926409909,0.8008618443694661,128,False,moderate,20,0.1,<class 'keras.optimizers.Adam'>,3
4,6,0.46218654119316205,0.8123462752051267,0.4684497034015543,0.7997261653260984,128,False,moderate,20,0.01,<class 'keras.optimizers.Nadam'>,4
5,3,0.46357151567030097,0.8121300624700484,0.4649701610722297,0.8002123833787296,64,False,moderate,20,0.1,<class 'keras.optimizers.Adam'>,5
6,20,0.46322730364770515,0.8129711786800242,0.4746922995370609,0.7993922160014157,64,False,moderate,20,0.001,<class 'keras.optimizers.Adam'>,6
7,20,0.7046190542834145,0.57791127925767,0.7080054084175751,0.5706294325765924,64,False,moderate,20,1e-06,<class 'keras.optimizers.Nadam'>,7
8,3,0.46697432980348996,0.8113589361706313,0.4626516517662888,0.8007397809322175,64,False,moderate,20,0.1,<class 'keras.optimizers.Nadam'>,8
9,8,0.5056772136036024,0.7878889424052644,0.48860698016935217,0.7959069586108579,128,False,moderate,20,5.0,<class 'keras.optimizers.Nadam'>,9
