,round_epochs,val_loss,val_acc,loss,acc,batch_size,class_weights,early_stopper,epochs,lr,optimizer,
0,20,0.6939709992756598,0.5636135729250574,0.694568480765809,0.5635219867639454,128,False,moderate,20,1e-06,<class 'keras.optimizers.Nadam'>,0
1,20,0.4608131269825266,0.8130161714001267,0.47752786633697253,0.7994403132102792,64,False,moderate,20,0.001,<class 'keras.optimizers.Nadam'>,1
2,9,0.45496113198642313,0.809353005967604,0.4547802285858443,0.8028146630471545,64,False,moderate,20,0.1,<class 'keras.optimizers.Nadam'>,2
3,14,0.4558834622197963,0.8126712256595265,0.4678517819971819,0.7997874519346235,64,False,moderate,20,0.01,<class 'keras.optimizers.Nadam'>,3
4,11,0.4565377602053631,0.8128112030008915,0.4695197803395105,0.7994507687746658,64,False,moderate,20,0.01,<class 'keras.optimizers.Nadam'>,4
5,15,0.4561990060387774,0.8125000037139672,0.46736215909371365,0.7997000394355656,64,False,moderate,20,0.01,<class 'keras.optimizers.Nadam'>,5
6,20,0.5968568316890114,0.6596282103684897,0.6043493676194702,0.6529137276692604,64,False,moderate,20,1e-05,<class 'keras.optimizers.Adam'>,6
7,20,0.5133003698475093,0.7984522552566325,0.5237144414599891,0.7875232834511438,128,False,moderate,20,0.0001,<class 'keras.optimizers.Adam'>,7
8,20,0.4647694886817758,0.8130161714001267,0.482805804829993,0.7993374266347725,64,False,moderate,20,0.0001,<class 'keras.optimizers.Adam'>,8
9,20,0.4643022542123012,0.8130161714001267,0.4821974403494933,0.799338263230279,64,False,moderate,20,0.0001,<class 'keras.optimizers.Nadam'>,9
